week,site,topic_type,target_keyword,suggested_url,brief
1,"K1 Wallet Pakistan","guide","k1 game jazzcash deposit android setup","/guides/k1-game-jazzcash-deposit-android-setup/","Write a unique wallet article with original screenshots, local examples, FAQ, and internal links. Do not reuse the same article structure across domains."
2,"K1 Wallet Pakistan","guide","k1 game easypaisa withdrawal new user guide","/guides/k1-game-easypaisa-withdrawal-new-user-guide/","Write a unique wallet article with original screenshots, local examples, FAQ, and internal links. Do not reuse the same article structure across domains."
3,"K1 Wallet Pakistan","comparison","k1 game withdrawal pending Pakistan mobile users","/guides/k1-game-withdrawal-pending-pakistan-mobile-users/","Write a unique wallet article with original screenshots, local examples, FAQ, and internal links. Do not reuse the same article structure across domains."
4,"K1 Wallet Pakistan","faq","k1 game failed deposit common mistake","/guides/k1-game-failed-deposit-common-mistake/","Write a unique wallet article with original screenshots, local examples, FAQ, and internal links. Do not reuse the same article structure across domains."
5,"K1 Wallet Pakistan","refresh","k1 game minimum withdrawal safe checklist","/guides/k1-game-minimum-withdrawal-safe-checklist/","Write a unique wallet article with original screenshots, local examples, FAQ, and internal links. Do not reuse the same article structure across domains."
6,"K1 Wallet Pakistan","comparison","k1 game account name mismatch step by step","/guides/k1-game-account-name-mismatch-step-by-step/","Write a unique wallet article with original screenshots, local examples, FAQ, and internal links. Do not reuse the same article structure across domains."
7,"K1 Wallet Pakistan","guide","k1 game deposit vs withdrawal FAQ update","/guides/k1-game-deposit-vs-withdrawal-faq-update/","Write a unique wallet article with original screenshots, local examples, FAQ, and internal links. Do not reuse the same article structure across domains."
8,"K1 Wallet Pakistan","faq","k1 game payment safety weekly review","/guides/k1-game-payment-safety-weekly-review/","Write a unique wallet article with original screenshots, local examples, FAQ, and internal links. Do not reuse the same article structure across domains."
9,"K1 Wallet Pakistan","comparison","k1 game transaction proof comparison notes","/guides/k1-game-transaction-proof-comparison-notes/","Write a unique wallet article with original screenshots, local examples, FAQ, and internal links. Do not reuse the same article structure across domains."
10,"K1 Wallet Pakistan","refresh","k1 game wallet pakistan faq support evidence","/guides/k1-game-wallet-pakistan-faq-support-evidence/","Write a unique wallet article with original screenshots, local examples, FAQ, and internal links. Do not reuse the same article structure across domains."
11,"K1 Wallet Pakistan","guide","k1 game jazzcash vs easypaisa device compatibility","/guides/k1-game-jazzcash-vs-easypaisa-device-compatibility/","Write a unique wallet article with original screenshots, local examples, FAQ, and internal links. Do not reuse the same article structure across domains."
12,"K1 Wallet Pakistan","faq","k1 game payment issue log error fix","/guides/k1-game-payment-issue-log-error-fix/","Write a unique wallet article with original screenshots, local examples, FAQ, and internal links. Do not reuse the same article structure across domains."
13,"K1 Wallet Pakistan","guide","k1 game jazzcash deposit June update","/guides/k1-game-jazzcash-deposit-june-update/","Write a unique wallet article with original screenshots, local examples, FAQ, and internal links. Do not reuse the same article structure across domains."
14,"K1 Wallet Pakistan","guide","k1 game easypaisa withdrawal July update","/guides/k1-game-easypaisa-withdrawal-july-update/","Write a unique wallet article with original screenshots, local examples, FAQ, and internal links. Do not reuse the same article structure across domains."
15,"K1 Wallet Pakistan","refresh","k1 game withdrawal pending 2026 refresh","/guides/k1-game-withdrawal-pending-2026-refresh/","Write a unique wallet article with original screenshots, local examples, FAQ, and internal links. Do not reuse the same article structure across domains."
16,"K1 Wallet Pakistan","faq","k1 game failed deposit android setup","/guides/k1-game-failed-deposit-android-setup/","Write a unique wallet article with original screenshots, local examples, FAQ, and internal links. Do not reuse the same article structure across domains."
17,"K1 Wallet Pakistan","guide","k1 game minimum withdrawal new user guide","/guides/k1-game-minimum-withdrawal-new-user-guide/","Write a unique wallet article with original screenshots, local examples, FAQ, and internal links. Do not reuse the same article structure across domains."
18,"K1 Wallet Pakistan","comparison","k1 game account name mismatch Pakistan mobile users","/guides/k1-game-account-name-mismatch-pakistan-mobile-users/","Write a unique wallet article with original screenshots, local examples, FAQ, and internal links. Do not reuse the same article structure across domains."
19,"K1 Wallet Pakistan","guide","k1 game deposit vs withdrawal common mistake","/guides/k1-game-deposit-vs-withdrawal-common-mistake/","Write a unique wallet article with original screenshots, local examples, FAQ, and internal links. Do not reuse the same article structure across domains."
20,"K1 Wallet Pakistan","refresh","k1 game payment safety safe checklist","/guides/k1-game-payment-safety-safe-checklist/","Write a unique wallet article with original screenshots, local examples, FAQ, and internal links. Do not reuse the same article structure across domains."
21,"K1 Wallet Pakistan","comparison","k1 game transaction proof step by step","/guides/k1-game-transaction-proof-step-by-step/","Write a unique wallet article with original screenshots, local examples, FAQ, and internal links. Do not reuse the same article structure across domains."
22,"K1 Wallet Pakistan","guide","k1 game wallet pakistan faq FAQ update","/guides/k1-game-wallet-pakistan-faq-faq-update/","Write a unique wallet article with original screenshots, local examples, FAQ, and internal links. Do not reuse the same article structure across domains."
23,"K1 Wallet Pakistan","guide","k1 game jazzcash vs easypaisa weekly review","/guides/k1-game-jazzcash-vs-easypaisa-weekly-review/","Write a unique wallet article with original screenshots, local examples, FAQ, and internal links. Do not reuse the same article structure across domains."
24,"K1 Wallet Pakistan","faq","k1 game payment issue log comparison notes","/guides/k1-game-payment-issue-log-comparison-notes/","Write a unique wallet article with original screenshots, local examples, FAQ, and internal links. Do not reuse the same article structure across domains."
25,"K1 Wallet Pakistan","refresh","k1 game jazzcash deposit support evidence","/guides/k1-game-jazzcash-deposit-support-evidence/","Write a unique wallet article with original screenshots, local examples, FAQ, and internal links. Do not reuse the same article structure across domains."
26,"K1 Wallet Pakistan","guide","k1 game easypaisa withdrawal device compatibility","/guides/k1-game-easypaisa-withdrawal-device-compatibility/","Write a unique wallet article with original screenshots, local examples, FAQ, and internal links. Do not reuse the same article structure across domains."
27,"K1 Wallet Pakistan","comparison","k1 game withdrawal pending error fix","/guides/k1-game-withdrawal-pending-error-fix/","Write a unique wallet article with original screenshots, local examples, FAQ, and internal links. Do not reuse the same article structure across domains."
28,"K1 Wallet Pakistan","faq","k1 game failed deposit June update","/guides/k1-game-failed-deposit-june-update/","Write a unique wallet article with original screenshots, local examples, FAQ, and internal links. Do not reuse the same article structure across domains."
29,"K1 Wallet Pakistan","guide","k1 game minimum withdrawal July update","/guides/k1-game-minimum-withdrawal-july-update/","Write a unique wallet article with original screenshots, local examples, FAQ, and internal links. Do not reuse the same article structure across domains."
30,"K1 Wallet Pakistan","refresh","k1 game account name mismatch 2026 refresh","/guides/k1-game-account-name-mismatch-2026-refresh/","Write a unique wallet article with original screenshots, local examples, FAQ, and internal links. Do not reuse the same article structure across domains."
31,"K1 Wallet Pakistan","guide","k1 game deposit vs withdrawal android setup","/guides/k1-game-deposit-vs-withdrawal-android-setup/","Write a unique wallet article with original screenshots, local examples, FAQ, and internal links. Do not reuse the same article structure across domains."
32,"K1 Wallet Pakistan","faq","k1 game payment safety new user guide","/guides/k1-game-payment-safety-new-user-guide/","Write a unique wallet article with original screenshots, local examples, FAQ, and internal links. Do not reuse the same article structure across domains."
33,"K1 Wallet Pakistan","comparison","k1 game transaction proof Pakistan mobile users","/guides/k1-game-transaction-proof-pakistan-mobile-users/","Write a unique wallet article with original screenshots, local examples, FAQ, and internal links. Do not reuse the same article structure across domains."
34,"K1 Wallet Pakistan","guide","k1 game wallet pakistan faq common mistake","/guides/k1-game-wallet-pakistan-faq-common-mistake/","Write a unique wallet article with original screenshots, local examples, FAQ, and internal links. Do not reuse the same article structure across domains."
35,"K1 Wallet Pakistan","refresh","k1 game jazzcash vs easypaisa safe checklist","/guides/k1-game-jazzcash-vs-easypaisa-safe-checklist/","Write a unique wallet article with original screenshots, local examples, FAQ, and internal links. Do not reuse the same article structure across domains."
36,"K1 Wallet Pakistan","faq","k1 game payment issue log step by step","/guides/k1-game-payment-issue-log-step-by-step/","Write a unique wallet article with original screenshots, local examples, FAQ, and internal links. Do not reuse the same article structure across domains."
37,"K1 Wallet Pakistan","guide","k1 game jazzcash deposit FAQ update","/guides/k1-game-jazzcash-deposit-faq-update/","Write a unique wallet article with original screenshots, local examples, FAQ, and internal links. Do not reuse the same article structure across domains."
38,"K1 Wallet Pakistan","guide","k1 game easypaisa withdrawal weekly review","/guides/k1-game-easypaisa-withdrawal-weekly-review/","Write a unique wallet article with original screenshots, local examples, FAQ, and internal links. Do not reuse the same article structure across domains."
39,"K1 Wallet Pakistan","comparison","k1 game withdrawal pending comparison notes","/guides/k1-game-withdrawal-pending-comparison-notes/","Write a unique wallet article with original screenshots, local examples, FAQ, and internal links. Do not reuse the same article structure across domains."
40,"K1 Wallet Pakistan","refresh","k1 game failed deposit support evidence","/guides/k1-game-failed-deposit-support-evidence/","Write a unique wallet article with original screenshots, local examples, FAQ, and internal links. Do not reuse the same article structure across domains."
41,"K1 Wallet Pakistan","guide","k1 game minimum withdrawal device compatibility","/guides/k1-game-minimum-withdrawal-device-compatibility/","Write a unique wallet article with original screenshots, local examples, FAQ, and internal links. Do not reuse the same article structure across domains."
42,"K1 Wallet Pakistan","comparison","k1 game account name mismatch error fix","/guides/k1-game-account-name-mismatch-error-fix/","Write a unique wallet article with original screenshots, local examples, FAQ, and internal links. Do not reuse the same article structure across domains."
43,"K1 Wallet Pakistan","guide","k1 game deposit vs withdrawal June update","/guides/k1-game-deposit-vs-withdrawal-june-update/","Write a unique wallet article with original screenshots, local examples, FAQ, and internal links. Do not reuse the same article structure across domains."
44,"K1 Wallet Pakistan","faq","k1 game payment safety July update","/guides/k1-game-payment-safety-july-update/","Write a unique wallet article with original screenshots, local examples, FAQ, and internal links. Do not reuse the same article structure across domains."
45,"K1 Wallet Pakistan","refresh","k1 game transaction proof 2026 refresh","/guides/k1-game-transaction-proof-2026-refresh/","Write a unique wallet article with original screenshots, local examples, FAQ, and internal links. Do not reuse the same article structure across domains."
46,"K1 Wallet Pakistan","guide","k1 game wallet pakistan faq android setup","/guides/k1-game-wallet-pakistan-faq-android-setup/","Write a unique wallet article with original screenshots, local examples, FAQ, and internal links. Do not reuse the same article structure across domains."
47,"K1 Wallet Pakistan","guide","k1 game jazzcash vs easypaisa new user guide","/guides/k1-game-jazzcash-vs-easypaisa-new-user-guide/","Write a unique wallet article with original screenshots, local examples, FAQ, and internal links. Do not reuse the same article structure across domains."
48,"K1 Wallet Pakistan","faq","k1 game payment issue log Pakistan mobile users","/guides/k1-game-payment-issue-log-pakistan-mobile-users/","Write a unique wallet article with original screenshots, local examples, FAQ, and internal links. Do not reuse the same article structure across domains."
49,"K1 Wallet Pakistan","guide","k1 game jazzcash deposit common mistake","/guides/k1-game-jazzcash-deposit-common-mistake/","Write a unique wallet article with original screenshots, local examples, FAQ, and internal links. Do not reuse the same article structure across domains."
50,"K1 Wallet Pakistan","refresh","k1 game easypaisa withdrawal safe checklist","/guides/k1-game-easypaisa-withdrawal-safe-checklist/","Write a unique wallet article with original screenshots, local examples, FAQ, and internal links. Do not reuse the same article structure across domains."
51,"K1 Wallet Pakistan","comparison","k1 game withdrawal pending step by step","/guides/k1-game-withdrawal-pending-step-by-step/","Write a unique wallet article with original screenshots, local examples, FAQ, and internal links. Do not reuse the same article structure across domains."
52,"K1 Wallet Pakistan","faq","k1 game failed deposit FAQ update","/guides/k1-game-failed-deposit-faq-update/","Write a unique wallet article with original screenshots, local examples, FAQ, and internal links. Do not reuse the same article structure across domains."
