week,site,content_type,target_keyword,url,action
1,"K1 Wallet Pakistan","payment","k1 game jazzcash deposit","/guides/jazzcash-deposit-guide/","Publish or improve: K1 Game JazzCash Deposit Guide"
1,"K1 Wallet Pakistan","payment","k1 game easypaisa withdrawal","/guides/easypaisa-withdrawal-guide/","Publish or improve: K1 Game Easypaisa Withdrawal Guide"
1,"K1 Wallet Pakistan","support","k1 game withdrawal pending","/guides/withdrawal-pending/","Publish or improve: K1 Game Withdrawal Pending: Evidence Checklist"
2,"K1 Wallet Pakistan","support","k1 game failed deposit","/guides/failed-deposit/","Publish or improve: K1 Game Failed Deposit: What to Record"
2,"K1 Wallet Pakistan","wallet","k1 game minimum withdrawal","/guides/minimum-withdrawal/","Publish or improve: K1 Game Minimum Withdrawal Notes"
2,"K1 Wallet Pakistan","support","k1 game account name mismatch","/guides/account-name-mismatch/","Publish or improve: K1 Game Wallet Account Name Mismatch"
3,"K1 Wallet Pakistan","comparison","k1 game deposit vs withdrawal","/guides/deposit-vs-withdrawal/","Publish or improve: K1 Game Deposit vs Withdrawal: User Flow"
3,"K1 Wallet Pakistan","safety","k1 game payment safety","/guides/payment-safety/","Publish or improve: K1 Game Payment Safety Checklist"
3,"K1 Wallet Pakistan","support","k1 game transaction proof","/guides/transaction-proof/","Publish or improve: K1 Game Transaction Proof: What Users Should Keep"
4,"K1 Wallet Pakistan","faq","k1 game wallet pakistan faq","/guides/wallet-faq-pakistan/","Publish or improve: K1 Game Wallet FAQ for Pakistan"
4,"K1 Wallet Pakistan","comparison","k1 game jazzcash vs easypaisa","/guides/jazzcash-vs-easypaisa/","Publish or improve: K1 Game JazzCash vs Easypaisa"
4,"K1 Wallet Pakistan","freshness","k1 game payment issue log","/guides/weekly-payment-log/","Publish or improve: Weekly K1 Game Payment Issue Log"
5,"K1 Wallet Pakistan","refresh","k1 game withdrawal","/","Review GSC impressions, rewrite title, add FAQ, update internal links"
6,"K1 Wallet Pakistan","refresh","k1 game withdrawal","/","Review GSC impressions, rewrite title, add FAQ, update internal links"
7,"K1 Wallet Pakistan","refresh","k1 game withdrawal","/","Review GSC impressions, rewrite title, add FAQ, update internal links"
8,"K1 Wallet Pakistan","refresh","k1 game withdrawal","/","Review GSC impressions, rewrite title, add FAQ, update internal links"
9,"K1 Wallet Pakistan","wallet","k1 game withdrawal time","/guides/withdrawal-time-checklist/","Publish or improve: K1 Game Withdrawal Time Checklist for Pakistan Wallet Users"
"2026-06-13","published","k1 game JazzCash Easypaisa name match","/guides/jazzcash-easypaisa-name-match/","second content expansion","new long-tail page with FAQ, internal links, GA and sitemap entry"
"2026-06-13","published","k1 game withdrawal proof screenshot","/guides/withdrawal-proof-screenshot-guide/","third content expansion","new long-tail page with K1 public evidence, FAQ, schema and internal links"
"2026-06-16","published","k1 game withdrawal limit pakistan","/guides/withdrawal-limit-pakistan/","daily content sprint","new intent-specific page with FAQ, internal links, sitemap and feed entry"
2026-06-16,k1onlinepk.com,K1 Wallet Pakistan,"k1 game withdrawal failed",/guides/withdrawal-failed-reasons/,fourth ranking cluster
2026-06-16,k1onlinepk.com,K1 Wallet Pakistan,"k1 game jazzcash withdrawal not received",/guides/jazzcash-withdrawal-not-received/,fifth problem keyword cluster
2026-06-16,k1onlinepk.com,K1 Wallet Pakistan,"k1 game easypaisa number mismatch",/guides/easypaisa-number-mismatch/,sixth scale cluster
2026-06-16,k1onlinepk.com,K1 Wallet Pakistan,"k1 game withdrawal proof id missing",/guides/withdrawal-proof-id-missing/,sixth scale cluster
2026-06-16,k1onlinepk.com,K1 Wallet Pakistan,"k1 game wallet verification pending",/guides/wallet-verification-pending/,sixth scale cluster
2026-06-17,k1onlinepk.com,K1 Wallet Pakistan,"k1 game deposit pending pakistan",/guides/deposit-pending-pakistan/,next content sprint
7,"K1 Wallet Pakistan","wallet","k1 game withdrawal pending jazzcash","/guides/withdrawal-pending-jazzcash/","Publish or improve: K1 Game Withdrawal Pending on JazzCash: Evidence Checklist"
7,"K1 Wallet Pakistan","wallet","k1 game wallet balance not showing","/guides/wallet-balance-not-showing/","Publish or improve: K1 Game Wallet Balance Not Showing: Refresh and Proof Guide"
8,"K1 Wallet Pakistan","wallet hub","k1 game wallet pending proof","/guides/wallet-pending-proof-center/","Publish or improve: K1 Game Wallet Pending and Proof Center for Pakistan"
2026-06-18,k1onlinepk.com,K1 Wallet Pakistan,"k1 game deposit successful but balance not added",/guides/deposit-successful-but-balance-not-added/,next content sprint
"2026-06-18","published","k1 game deposit bonus not added","/guides/deposit-bonus-not-added/","daily content sprint","new long-tail page with FAQ, internal links, sitemap and feed update"
"2026-06-19","published","k1 game withdrawal rejected bank details","/guides/withdrawal-rejected-bank-details/","daily content sprint","new long-tail page with FAQ, internal links, sitemap and feed update"

"2026-06-20","planned","k1 game jazzcash name mismatch withdrawal","/guides/jazzcash-name-mismatch-withdrawal/","next content sprint","Publish or improve: K1 Game JazzCash Name Mismatch Withdrawal"
"2026-06-21","planned","k1 game easypaisa withdrawal under review","/guides/easypaisa-withdrawal-under-review/","next content sprint","Publish or improve: K1 Game Easypaisa Withdrawal Under Review"
